filename,date_taken,time_taken,day_of_week,hour_of_day,shape_type,shape_rank,colour_rating,texture,mug_type,vibe_score,notes
456C73E8-18DD-4FF2-82E9-A98FA5B5404A.jpeg,11/10/2024,12:40:34,Friday,12,Abstract,,2,2,Etsy by the sea (big),1,
8FC111EB-4A3A-457D-BD0A-92795B478C24.jpeg,05/10/2024,10:24:05,Saturday,10,Abstract,,1,2,Etsy by the sea (big),1,
IMG_0005.jpeg,25/02/2025,11:24:59,Tuesday,11,Heart,2,2,2,Boring (medium),3,
IMG_0006.jpeg,25/02/2025,11:26:04,Tuesday,11,Leaf,2,2,3,Boring (medium),3,
IMG_0012.jpeg,26/02/2025,11:30:30,Wednesday,11,Leaf,2,2,3,Boring (medium),2,
IMG_0024.jpeg,28/02/2025,10:53:17,Friday,10,Leaf,3,3,3,Boring (medium),3,
IMG_0057.jpeg,03/03/2025,10:36:51,Monday,10,Heart,3,2,1,Boring (medium),1,
IMG_0058.jpeg,03/03/2025,10:37:07,Monday,10,Abstract,,1,1,Boring (medium),1,
IMG_0073.jpeg,05/03/2025,11:02:34,Wednesday,11,Leaf,3,1,2,Boring (medium),2,
IMG_0081.jpeg,06/03/2025,11:41:25,Thursday,11,Flower,2,4,2,Hk living it up (small),2,
IMG_0107.jpeg,10/03/2025,11:17:39,Monday,11,Abstract,,5,3,Etsy by the sea (big),4,
IMG_0147.jpeg,12/03/2025,12:36:05,Wednesday,12,Leaf,4,3,3,Etsy by the sea (big),5,
IMG_0158.jpeg,14/03/2025,12:17:18,Friday,12,Heart,1,2,2,Etsy by the sea (big),1,
IMG_0254.jpeg,23/03/2025,12:56:16,Sunday,12,Heart,2,3,3,Etsy by the sea (big),2,"La Marzocco, Dairy Milk"
IMG_0281.jpeg,25/03/2025,13:22:13,Tuesday,13,Leaf,4,4,3,Etsy by the sea (big),4,
IMG_0293.jpeg,26/03/2025,12:46:59,Wednesday,12,Abstract,,3,2,Etsy by the sea (big),1,
IMG_0308.jpeg,28/03/2025,11:11:09,Friday,11,Leaf,1,4,3,Etsy by the sea (big),3,
IMG_0351.jpeg,31/03/2025,14:10:54,Monday,14,Leaf,2,1,2,Etsy by the sea (big),1,
IMG_0357.jpeg,01/04/2025,10:51:08,Tuesday,10,Leaf,4,2,3,Boring (medium),3,
IMG_0367.jpeg,01/04/2025,15:46:05,Tuesday,15,Tulip,3,2,2,Boring (medium),2,
IMG_0374.jpeg,02/04/2025,12:35:25,Wednesday,12,Abstract,,1,4,Boring (medium),1,
IMG_0376.jpeg,02/04/2025,12:36:16,Wednesday,12,Tulip,1,1,3,Boring (medium),1,
IMG_0402.jpeg,05/04/2025,10:58:55,Saturday,10,Leaf,2,2,1,Boring (medium),1,
IMG_0418.jpeg,07/04/2025,11:50:42,Monday,11,Abstract,,1,2,Boring (medium),1,
IMG_0465.jpeg,09/04/2025,10:30:29,Wednesday,10,Leaf,3,4,4,Boring (medium),4,
IMG_0504.jpeg,14/04/2025,12:06:02,Monday,12,Abstract,,2,2,Boring (medium),1,
IMG_0509.jpeg,15/04/2025,15:36:46,Tuesday,15,Leaf,3,2,2,Etsy by the sea (big),2,
IMG_0510.jpeg,Unknown,Unknown,,,Leaf,2,2,3,Etsy by the sea (big),1,
IMG_0529.jpeg,17/04/2025,10:55:18,Thursday,10,Leaf,4,4,4,Boring (medium),5,
IMG_0538.jpeg,18/04/2025,09:46:56,Friday,9,Leaf,4,3,2,Boring (medium),4,
IMG_0605.jpeg,20/04/2025,14:53:23,Sunday,14,Leaf,2,5,1,Etsy by the sea (big),1,"La Marzocco, Dairy Milk"
IMG_0628.jpeg,22/04/2025,11:17:57,Tuesday,11,Abstract,,3,1,Etsy by the sea (big),1,"La Marzocco, Dairy Milk"
IMG_0761.jpeg,07/05/2025,11:21:11,Wednesday,11,Abstract,,2,3,Boring (medium),1,
IMG_0798.jpeg,11/05/2025,10:49:09,Sunday,10,Abstract,,2,3,Etsy by the sea (big),4,
IMG_0838.jpeg,15/05/2025,11:39:30,Thursday,11,Abstract,,1,3,Etsy by the sea (big),1,
IMG_0875.jpeg,19/05/2025,15:10:11,Monday,15,Tulip,3,2,3,Boring (medium),2,
IMG_0929.jpeg,23/05/2025,12:53:28,Friday,12,Leaf,1,2,4,Etsy by the sea (big),1,
IMG_1058.jpeg,02/06/2025,13:24:57,Monday,13,Leaf,3,3,1,Etsy by the sea (big),1,
IMG_1131.jpeg,10/06/2025,11:44:05,Tuesday,11,Leaf,2,3,4,Etsy by the sea (big),4,
IMG_1143.jpeg,11/06/2025,10:49:55,Wednesday,10,Tulip,4,3,3,Boring (medium),3,
IMG_1165.jpeg,12/06/2025,11:55:27,Thursday,11,Tulip,2,4,4,Etsy by the sea (big),5,
IMG_1202.jpeg,Unknown,Unknown,,,Leaf,2,2,2,Boring (medium),2,
IMG_1203.jpeg,17/06/2025,12:11:14,Tuesday,12,Leaf,2,2,,Boring (medium),1,
IMG_1281.jpeg,23/06/2025,12:36:56,Monday,12,Heart,3,1,4,Boring (medium),3,
IMG_1293.jpeg,24/06/2025,11:05:20,Tuesday,11,Heart,1,1,1,Etsy by the sea (big),1,
IMG_1302.jpeg,25/06/2025,12:12:11,Wednesday,12,Tulip,2,3,4,Etsy by the sea (big),4,
IMG_1322.jpeg,26/06/2025,12:01:27,Thursday,12,Tulip,3,3,2,Etsy by the sea (big),4,
IMG_1409.jpeg,02/07/2025,12:15:23,Wednesday,12,Heart,4,2,2,Etsy by the sea (big),3,
IMG_1451.jpeg,04/07/2025,11:41:45,Friday,11,Heart,5,4,4,Etsy by the sea (big),4,
IMG_1495.jpeg,07/07/2025,11:18:03,Monday,11,Heart,3,3,4,Etsy by the sea (big),2,
IMG_1528.jpeg,09/07/2025,11:45:46,Wednesday,11,Tulip,2,2,3,Etsy by the sea (big),1,
IMG_1684.jpeg,22/07/2025,12:55:53,Tuesday,12,Tulip,3,2,3,Etsy by the sea (big),3,
IMG_1711.jpeg,24/07/2025,09:44:13,Thursday,9,Tulip,2,3,1,Etsy by the sea (big),3,Matcha
IMG_1852.jpeg,06/08/2025,15:28:01,Wednesday,15,Heart,1,1,2,Etsy by the sea (big),1,
IMG_1977.jpeg,18/08/2025,13:37:26,Monday,13,Heart,1,3,2,Etsy by the sea (big),1,
IMG_2002.jpeg,21/08/2025,11:32:29,Thursday,11,Leaf,2,2,1,Etsy by the sea (big),2,
IMG_2219.jpeg,02/09/2025,12:28:03,Tuesday,12,Abstract,,1,2,Etsy by the sea (big),1,
IMG_2235.jpeg,03/09/2025,11:21:18,Wednesday,11,Leaf,3,3,3,Etsy by the sea (big),3,
IMG_2262.jpeg,04/09/2025,11:03:12,Thursday,11,Tulip,3,2,2,Etsy by the sea (big),1,
IMG_2347.jpeg,08/09/2025,12:05:18,Monday,12,Leaf,2,3,2,Etsy by the sea (big),3,Matcha
IMG_2354.jpeg,08/09/2025,16:44:25,Monday,16,Leaf,4,4,4,Spill the egg (small),5,
IMG_2382.jpeg,10/09/2025,11:01:44,Wednesday,11,Tulip,3,3,2,Spill the egg (small),3,
IMG_2430.jpeg,15/09/2025,11:45:40,Monday,11,Leaf,4,4,5,Spill the egg (small),5,
IMG_2486.jpeg,18/09/2025,11:33:59,Thursday,11,Heart,1,1,1,Etsy by the sea (big),1,
IMG_2570.jpeg,22/09/2025,11:40:50,Monday,11,Leaf,4,3,4,Spill the egg (small),3,
IMG_2671.jpeg,02/10/2025,11:03:55,Thursday,11,Leaf,3,5,3,Spill the egg (small),3,
IMG_2769.jpeg,10/10/2025,11:08:36,Friday,11,Tulip,2,1,2,Boring (medium),2,
IMG_3749.jpeg,26/12/2025,11:35:31,Friday,11,Leaf,4,3,4,Boring (medium),2,
IMG_3827.jpeg,31/12/2025,11:09:42,Wednesday,11,Leaf,3,3,2,Boring (medium),3,"La Marzocco, Dairy Milk"
IMG_3876.jpeg,05/01/2026,12:33:04,Monday,12,Tulip,2,1,4,Boring (medium),1,
IMG_3908.jpeg,08/01/2026,11:27:56,Thursday,11,Leaf,3,4,2,Etsy by the sea (big),3,
IMG_4504.jpeg,24/02/2026,12:32:33,Tuesday,12,Tulip,1,1,3,Hk living it up (small),1,
IMG_8298.jpeg,02/10/2024,11:59:27,Wednesday,11,Abstract,,4,1,Etsy by the sea (big),2,
IMG_8325.jpeg,03/10/2024,12:01:55,Thursday,12,Abstract,,3,1,Etsy by the sea (big),1,
IMG_8363.jpeg,06/10/2024,11:32:40,Sunday,11,Abstract,,4,1,Etsy by the sea (big),3,
IMG_8391.jpeg,08/10/2024,12:04:43,Tuesday,12,Abstract,,2,2,Hk living it up (small),1,
IMG_8555.jpeg,13/10/2024,12:29:11,Sunday,12,Abstract,,4,1,Etsy by the sea (big),3,
IMG_8574.jpeg,14/10/2024,12:44:33,Monday,12,Abstract,,3,1,Etsy by the sea (big),1,
IMG_8600.jpeg,16/10/2024,11:53:18,Wednesday,11,Abstract,,2,2,Etsy by the sea (big),1,
IMG_8714.jpeg,22/10/2024,12:23:27,Tuesday,12,Heart,2,4,2,Hk living it up (small),4,
IMG_8732.jpeg,23/10/2024,11:52:48,Wednesday,11,Abstract,,3,2,Hk living it up (small),1,
IMG_8741.jpeg,23/10/2024,16:14:04,Wednesday,16,Heart,1,2,1,Hk living it up (small),1,
IMG_8764.jpeg,25/10/2024,12:11:12,Friday,12,Heart,1,2,1,Hk living it up (small),2,
IMG_8838.jpeg,28/10/2024,10:53:21,Monday,10,Heart,2,2,1,Etsy by the sea (big),1,"La Marzocco, Dairy Milk"
IMG_8940.jpeg,05/11/2024,15:39:06,Tuesday,15,Heart,2,1,1,Hk living it up (small),1,
IMG_8953.jpeg,08/11/2024,10:48:40,Friday,10,Face,,4,3,Hk living it up (small),5,
IMG_9003.jpeg,11/11/2024,11:52:58,Monday,11,Heart,1,2,2,Hk living it up (small),1,
IMG_9017.jpeg,12/11/2024,14:52:55,Tuesday,14,Abstract,,4,4,Boring (medium),2,
IMG_9030.jpeg,13/11/2024,13:24:38,Wednesday,13,Heart,2,4,2,Hk living it up (small),2,
IMG_9036.jpeg,14/11/2024,10:47:11,Thursday,10,Heart,1,2,2,Hk living it up (small),2,
IMG_9039.jpeg,14/11/2024,14:55:01,Thursday,14,Abstract,,2,1,Hk living it up (small),1,
IMG_9074.jpeg,17/11/2024,10:29:39,Sunday,10,Heart,1,4,1,Hk living it up (small),1,
IMG_9130 (1).jpeg,11/02/2025,11:36:57,Tuesday,11,Heart,1,4,3,Hk living it up (small),1,
IMG_9149.jpeg,20/11/2024,12:12:35,Wednesday,12,Heart,1,3,1,Hk living it up (small),1,
IMG_9150.jpeg,20/11/2024,12:15:42,Wednesday,12,Abstract,,3,1,Hk living it up (small),1,
IMG_9199.jpeg,28/11/2024,18:32:13,Thursday,18,Abstract,,4,2,Boring (medium),2,
IMG_9211.jpeg,30/11/2024,10:43:22,Saturday,10,Heart,5,5,5,Etsy by the sea (big),4,
IMG_9227.jpeg,02/12/2024,10:59:36,Monday,10,Heart,1,2,1,Hk living it up (small),1,
IMG_9254.jpeg,03/12/2024,11:21:20,Tuesday,11,Abstract,,2,4,Hk living it up (small),3,Bacci
IMG_9263.jpeg,04/12/2024,12:05:01,Wednesday,12,Heart,2,3,3,Hk living it up (small),3,Bacci
IMG_9279.jpeg,05/12/2024,15:21:04,Thursday,15,Heart,2,4,3,Hk living it up (small),1,
IMG_9343.jpeg,10/12/2024,11:51:37,Tuesday,11,Heart,1,1,1,Boring (medium),1,
IMG_9368.jpeg,14/12/2024,17:38:06,Saturday,17,Tulip,4,3,3,Hk living it up (small),4,
IMG_9374.jpeg,16/12/2024,11:52:24,Monday,11,Leaf,2,3,2,Hk living it up (small),2,
IMG_9396.jpeg,18/12/2024,11:40:25,Wednesday,11,Leaf,2,4,3,Hk living it up (small),3,
IMG_9404.jpeg,19/12/2024,11:45:27,Thursday,11,Leaf,1,2,2,Boring (medium),1,
IMG_9417.jpeg,21/12/2024,12:15:07,Saturday,12,Leaf,2,4,1,Hk living it up (small),2,
IMG_9423.jpeg,22/12/2024,11:12:06,Sunday,11,Heart,4,4,4,Boring (medium),3,
IMG_9426.jpeg,23/12/2024,10:39:51,Monday,10,Leaf,1,3,1,Boring (medium),1,
IMG_9497.jpeg,29/12/2024,12:04:13,Sunday,12,Leaf,2,5,2,Etsy by the sea (big),4,"La Marzocco, Dairy Milk"
IMG_9517.jpeg,31/12/2024,14:47:53,Tuesday,14,Heart,3,3,2,Boring (medium),3,
IMG_9565.jpeg,05/01/2025,12:02:36,Sunday,12,Heart,3,2,2,Etsy by the sea (big),2,
IMG_9580.jpeg,06/01/2025,11:03:15,Monday,11,Leaf,2,4,3,Boring (medium),3,
IMG_9581.jpeg,06/01/2025,13:58:36,Monday,13,Heart,3,2,4,Boring (medium),2,
IMG_9585.jpeg,07/01/2025,11:42:31,Tuesday,11,Leaf,1,2,1,Boring (medium),2,
IMG_9586.jpeg,07/01/2025,15:08:38,Tuesday,15,Leaf,2,2,2,Etsy by the sea (big),1,
IMG_9595.jpeg,08/01/2025,15:16:58,Wednesday,15,Heart,3,3,3,Hk living it up (small),3,
IMG_9607.jpeg,11/01/2025,13:21:33,Saturday,13,Leaf,2,5,4,Boring (medium),3,
IMG_9623.jpeg,13/01/2025,11:14:27,Monday,11,Leaf,2,4,4,Hk living it up (small),2,
IMG_9650.jpeg,14/01/2025,11:25:55,Tuesday,11,Leaf,2,3,4,Hk living it up (small),2,
IMG_9651.jpeg,14/01/2025,11:26:35,Tuesday,11,Heart,4,4,5,Hk living it up (small),4,
IMG_9656.jpeg,14/01/2025,14:00:54,Tuesday,14,Abstract,,2,2,Hk living it up (small),1,
IMG_9667.jpeg,15/01/2025,11:03:30,Wednesday,11,Tulip,3,4,4,Hk living it up (small),4,
IMG_9697.jpeg,17/01/2025,10:58:40,Friday,10,Leaf,3,3,2,Hk living it up (small),2,
IMG_9716.jpeg,19/01/2025,12:25:41,Sunday,12,Leaf,3,2,4,Hk living it up (small),2,
IMG_9732.jpeg,20/01/2025,11:10:57,Monday,11,Leaf,4,3,3,Hk living it up (small),4,
IMG_9745.jpeg,21/01/2025,14:46:37,Tuesday,14,Leaf,4,2,3,Boring (medium),3,
IMG_9757.jpeg,22/01/2025,14:18:54,Wednesday,14,Leaf,3,2,2,Hk living it up (small),1,
IMG_9768.jpeg,23/01/2025,10:33:28,Thursday,10,Abstract,,2,2,Hk living it up (small),1,
IMG_9795.jpeg,27/01/2025,09:50:51,Monday,9,Leaf,1,2,2,Etsy by the sea (big),1,
IMG_9802.jpeg,28/01/2025,11:22:10,Tuesday,11,Heart,2,5,4,Boring (medium),2,
IMG_9825.jpeg,31/01/2025,12:46:58,Friday,12,Leaf,2,3,4,Hk living it up (small),2,
IMG_9826.jpeg,31/01/2025,12:47:41,Friday,12,Leaf,3,3,4,Hk living it up (small),4,
IMG_9832.jpeg,04/02/2025,11:16:54,Tuesday,11,Leaf,2,2,3,Boring (medium),3,
IMG_9847.jpeg,06/02/2025,14:28:36,Thursday,14,Heart,3,2,4,Hk living it up (small),2,
IMG_9864.jpeg,10/02/2025,11:25:25,Monday,11,Abstract,,3,3,Boring (medium),2,
IMG_9871.jpeg,11/02/2025,11:19:27,Tuesday,11,Heart,4,3,2,Boring (medium),2,
IMG_9891.jpeg,12/02/2025,10:52:17,Wednesday,10,Heart,2,3,4,Hk living it up (small),2,
IMG_9898.jpeg,14/02/2025,11:17:16,Friday,11,Face,,3,2,Boring (medium),4,
IMG_9994.jpeg,24/02/2025,11:16:38,Monday,11,Heart,3,3,3,Boring (medium),2,